Fecha,Hora,Producto,Categoría,Cantidad,Precio Unitario (€),Total Venta (€)
2025-08-01 00:00:00,13:05,Pizza Margarita,Plato,2,8.0,16.0
2025-08-01 00:00:00,13:15,Refresco,Bebida,3,2.5,7.5
2025-08-01 00:00:00,13:22,Agua Mineral,Bebida,1,1.5,1.5
2025-08-01 00:00:00,13:45,Ensalada César,Plato,1,7.5,7.5
2025-08-01 00:00:00,14:01,Sopa de Tomate,Plato,2,6.0,12.0
2025-08-01 00:00:00,14:10,Hamburguesa Chef,Plato,1,12.0,12.0
2025-08-01 00:00:00,14:20,Ensalada César,Plato,1,7.5,7.5
2025-08-01 00:00:00,14:30,Café Espresso,Bebida,2,2.0,4.0
2025-08-01 00:00:00,19:30,Pizza Pepperoni,Plato,2,9.0,18.0
2025-08-01 00:00:00,19:31,Cerveza Artesanal,Bebida,2,3.5,7.0
2025-08-01 00:00:00,20:00,Pasta Carbonara,Plato,2,10.0,20.0
2025-08-01 00:00:00,20:05,Vino Tinto (Copa),Bebida,2,4.0,8.0
2025-08-01 00:00:00,20:15,Risotto,Plato,1,11.0,11.0
2025-08-01 00:00:00,20:30,Tarta de Queso,Postre,1,5.0,5.0
2025-08-01 00:00:00,21:00,Tiramisu,Postre,1,4.5,4.5
2025-08-01 00:00:00,21:15,Café Espresso,Bebida,1,2.0,2.0
2025-08-02 00:00:00,13:00,Sopa de Tomate,Plato,1,6.0,6.0
2025-08-02 00:00:00,13:30,Pasta Carbonara,Plato,1,10.0,10.0
2025-08-02 00:00:00,13:31,Agua Mineral,Bebida,1,1.5,1.5
2025-08-02 00:00:00,14:00,Pizza Margarita,Plato,2,8.0,16.0
2025-08-02 00:00:00,14:20,Hamburguesa Chef,Plato,2,12.0,24.0
2025-08-02 00:00:00,14:22,Cerveza Artesanal,Bebida,2,3.5,7.0
2025-08-02 00:00:00,15:00,Tarta de Queso,Postre,1,5.0,5.0
2025-08-02 00:00:00,15:05,Café Espresso,Bebida,1,2.0,2.0
2025-08-02 00:00:00,19:00,Ensalada César,Plato,2,7.5,15.0
2025-08-02 00:00:00,19:45,Risotto,Plato,1,11.0,11.0
2025-08-02 00:00:00,20:00,Pizza Pepperoni,Plato,3,9.0,27.0
2025-08-02 00:00:00,20:01,Refresco,Bebida,3,2.5,7.5
2025-08-02 00:00:00,20:30,Vino Tinto (Copa),Bebida,2,4.0,8.0
2025-08-02 00:00:00,21:00,Risotto,Plato,1,11.0,11.0
2025-08-02 00:00:00,21:30,Tiramisu,Postre,2,4.5,9.0
2025-08-03 00:00:00,13:15,Ensalada César,Plato,1,7.5,7.5
2025-08-03 00:00:00,13:30,Sopa de Tomate,Plato,3,6.0,18.0
2025-08-03 00:00:00,13:30,Agua Mineral,Bebida,3,1.5,4.5
2025-08-03 00:00:00,14:00,Hamburguesa Chef,Plato,1,12.0,12.0
2025-08-03 00:00:00,14:30,Pasta Carbonara,Plato,2,10.0,20.0
2025-08-03 00:00:00,14:31,Refresco,Bebida,2,2.5,5.0
2025-08-03 00:00:00,15:00,Tarta de Queso,Postre,2,5.0,10.0
2025-08-03 00:00:00,19:00,Pizza Pepperoni,Plato,2,9.0,18.0
2025-08-03 00:00:00,19:30,Pizza Margarita,Plato,1,8.0,8.0
2025-08-03 00:00:00,20:00,Risotto,Plato,2,11.0,22.0
2025-08-03 00:00:00,20:01,Vino Tinto (Copa),Bebida,2,4.0,8.0
2025-08-03 00:00:00,20:30,Cerveza Artesanal,Bebida,3,3.5,10.5
2025-08-03 00:00:00,21:00,Sopa de Tomate,Plato,1,6.0,6.0
2025-08-03 00:00:00,21:15,Tiramisu,Postre,1,4.5,4.5
2025-08-03 00:00:00,21:30,Café Espresso,Bebida,1,2.0,2.0
2025-08-04 00:00:00,13:00,Tiramisu,Postre,2,4.5,9.0
2025-08-04 00:00:00,13:02,Café Espresso,Bebida,2,2.0,4.0
2025-08-04 00:00:00,13:30,Pizza Margarita,Plato,1,8.0,8.0
2025-08-04 00:00:00,13:31,Refresco,Bebida,1,2.5,2.5
2025-08-04 00:00:00,14:00,Hamburguesa Chef,Plato,2,12.0,24.0
2025-08-04 00:00:00,14:01,Cerveza Artesanal,Bebida,1,3.5,3.5
2025-08-04 00:00:00,14:30,Sopa de Tomate,Plato,1,6.0,6.0
2025-08-04 00:00:00,15:00,Agua Mineral,Bebida,2,1.5,3.0
2025-08-04 00:00:00,19:00,Ensalada César,Plato,1,7.5,7.5
2025-08-04 00:00:00,19:30,Pasta Carbonara,Plato,2,10.0,20.0
2025-08-04 00:00:00,20:00,Pizza Pepperoni,Plato,1,9.0,9.0
2025-08-04 00:00:00,20:30,Ensalada César,Plato,1,7.5,7.5
2025-08-04 00:00:00,20:45,Vino Tinto (Copa),Bebida,2,4.0,8.0
2025-08-04 00:00:00,21:00,Risotto,Plato,1,11.0,11.0
2025-08-04 00:00:00,21:30,Tarta de Queso,Postre,1,5.0,5.0
2025-08-05 00:00:00,13:00,Pizza Pepperoni,Plato,1,9.0,9.0
2025-08-05 00:00:00,13:10,Pasta Carbonara,Plato,1,10.0,10.0
Sopa de Tomate,Plato,1,6.0,6.0
2025-08-05 00:00:00,13:11,Refresco,Bebida,2,2.5,5.0
2025-08-05 00:00:00,14:00,Ensalada César,Plato,2,7.5,15.0
2025-08-05 00:00:00,14:30,Hamburguesa Chef,Plato,1,12.0,12.0
2025-08-05 00:00:00,14:31,Cerveza Artesanal,Bebida,2,3.5,7.0
2025-08-05 00:00:00,15:00,Tiramisu,Postre,1,4.5,4.5
2025-08-05 00:00:00,19:00,Pizza Margarita,Plato,3,8.0,24.0
2025-08-05 00:00:00,19:01,Agua Mineral,Bebida,3,1.5,4.5
2025-08-05 00:00:00,19:30,Tarta de Queso,Postre,1,5.0,5.0
2025-08-05 00:00:00,20:00,Pizza Margarita,Plato,3,8.0,24.0
2025-08-05 00:00:00,20:30,Vino Tinto (Copa),Bebida,2,4.0,8.0
2025-08-05 00:00:00,20:45,Pasta Carbonara,Plato,1,10.0,10.0
2025-08-05 00:00:00,21:00,Risotto,Plato,2,11.0,22.0
2025-08-05 00:00:00,21:30,Café Espresso,Bebida,2,2.0,4.0
2025-08-06 00:00:00,13:00,Ensalada César,Plato,1,7.5,7.5
2025-08-06 00:00:00,13:15,Sopa de Tomate,Plato,1,6.0,6.0
2025-08-06 00:00:00,13:30,Agua Mineral,Bebida,1,1.5,1.5
2025-08-06 00:00:00,14:00,Risotto,Plato,2,11.0,22.0
2025-08-06 00:00:00,14:15,Risotto,Plato,2,11.0,22.0
2025-08-06 00:00:00,14:30,Pizza Margarita,Plato,2,8.0,16.0
2025-08-06 00:00:00,14:31,Refresco,Bebida,2,2.5,5.0
2025-08-06 00:00:00,15:00,Café Espresso,Bebida,2,2.0,4.0
2025-08-06 00:00:00,19:00,Pasta Carbonara,Plato,1,10.0,10.0
2025-08-06 00:00:00,19:30,Vino Tinto (Copa),Bebida,3,4.0,12.0
2Gourmet,Plato,1,12.0,12.0
2025-08-06 00:00:00,20:00,Pizza Pepperoni,Plato,2,9.0,18.0
2025-08-06 00:00:00,20:30,Hamburguesa Chef,Plato,1,12.0,12.0
2025-08-06 00:00:00,21:00,Hamburguesa Chef,Plato,1,12.0,12.0
2025-08-06 00:00:00,21:01,Cerveza Artesanal,Bebida,1,3.5,3.5
2025-08-06 00:00:00,21:30,Tarta de Queso,Postre,1,5.0,5.0
2025-08-07 00:00:00,13:00,Sopa de Tomate,Plato,2,6.0,12.0
2025-08-07 00:00:00,13:15,Hamburguesa Chef,Plato,1,12.0,12.0
2025-08-07 00:00:00,13:30,Agua Mineral,Bebida,2,1.5,3.0
2025-08-07 00:00:00,14:00,Ensalada César,Plato,1,7.5,7.5
2025-08-07 00:00:00,14:30,Pizza Margarita,Plato,1,8.0,8.0
2025-08-07 00:00:00,14:45,Refresco,Bebida,2,2.5,5.0
2025-08-07 00:00:00,15:00,Tiramisu,Postre,2,4.5,9.0
2025-08-07 00:00:00,19:00,Pasta Carbonara,Plato,2,10.0,20.0
2025-08-07 00:00:00,19:30,Vino Tinto (Copa),Bebida,2,4.0,8.0
2025-08-07 00:00:00,20:00,Risotto,Plato,1,11.0,11.0
2025-08-07 00:00:00,20:30,Pizza Pepperoni,Plato,1,9.0,9.0
2025-08-07 00:00:00,20:31,Cerveza Artesanal,Bebida,3,3.5,10.5
2025-08-07 00:00:00,21:00,Tarta de Queso,Postre,1,5.0,5.0
2025-08-07 00:00:00,21:15,Café Espresso,Bebida,1,2.0,2.0
2025-08-08 00:00:00,13:00,Pizza Pepperoni,Plato,2,9.0,18.0
2025-08-08 00:00:00,13:01,Refresco,Bebida,2,2.5,5.0
2025-08-08 00:00:00,13:30,Sopa de Tomate,Plato,1,6.0,6.0
2025-08-08 00:00:00,14:00,Hamburguesa Chef,Plato,1,12.0,12.0
2025-08-08 00:00:00,14:30,Ensalada César,Plato,2,7.5,15.0
2025-08-08 00:00:00,14:31,Agua Mineral,Bebida,2,1.5,3.0
2025-08-08 00:00:00,15:00,Tarta de Queso,Postre,1,5.0,5.0
2025-08-08 00:00:00,19:00,Pizza Margarita,Plato,2,8.0,16.0
2025-08-08 00:00:00,19:30,Pasta Carbonara,Plato,1,10.0,10.0
2025-08-08 00:00:00,20:00,Vino Tinto (Copa),Bebida,2,4.0,8.0
2025-08-08 00:00:00,20:30,Risotto,Plato,1,11.0,11.0
2025-08-08 00:00:00,20:45,Cerveza Artesanal,Bebida,1,3.5,3.5
2025-08-08 00:00:00,21:00,Tiramisu,Postre,2,4.5,9.0
2025-08-08 00:00:00,21:15,Café Espresso,Bebida,2,2.0,4.0
2025-08-09 00:00:00,13:00,Pizza Margarita,Plato,4,8.0,32.0
2025-08-09 00:00:00,13:02,Refresco,Bebida,4,2.5,10.0
2025-08-09 00:00:00,13:30,Ensalada César,Plato,1,7.5,7.5
2Verify,Plato,1,6.0,6.0
2025-08-09 00:00:00,14:00,Hamburguesa Chef,Plato,2,12.0,24.0
2025-08-09 00:00:00,14:30,Tarta de Queso,Postre,1,5.0,5.0
2025-08-09 00:00:00,14:45,Café Espresso,Bebida,1,2.0,2.0
2025-08-09 00:00:00,19:00,Pizza Pepperoni,Plato,2,9.0,18.0
2025-08-09 00:00:00,19:01,Cerveza Artesanal,Bebida,2,3.5,7.0
2025-08-09 00:00:00,19:30,Agua Mineral,Bebida,1,1.5,1.5
2025-08-09 00:00:00,20:00,Risotto,Plato,1,11.0,11.0
2025-08-09 00:00:00,20:30,Pasta Carbonara,Plato,2,10.0,20.0
2025-08-09 00:00:00,20:31,Vino Tinto (Copa),Bebida,2,4.0,8.0
2025-08-09 00:00:00,21:00,Pasta Carbonara,Plato,2,10.0,20.0
2025-08-09 00:00:00,21:01,Vino Tinto (Copa),Bebida,2,4.0,8.0
2025-08-09 00:00:00,21:30,Tiramisu,Postre,1,4.5,4.5
2025-08-10 00:00:00,13:00,Sopa de Tomate,Plato,2,6.0,12.0
2025-08-10 00:00:00,13:15,Ensalada César,Plato,1,7.5,7.5
2025-08-10 00:00:00,13:30,Agua Mineral,Bebida,1,1.5,1.5
2025-08-10 00:00:00,14:00,Tiramisu,Postre,2,4.5,9.0
2025-08-10 00:00:00,14:01,Café Espresso,Bebida,2,2.0,4.0
2025-08-10 00:00:00,14:30,Pizza Margarita,Plato,2,8.0,16.0
2025-08-10 00:00:00,14:31,Refresco,Bebida,2,2.5,5.0
2025-08-10 00:00:00,15:00,Hamburguesa Chef,Plato,1,12.0,12.0
2025-08-10 00:00:00,19:00,Pasta Carbonara,Plato,1,10.0,10.0
2025-08-10 00:00:00,19:30,Pizza Pepperoni,Plato,2,9.0,18.0
2025-08-10 00:00:00,19:31,Cerveza Artesanal,Bebida,2,3.5,7.0
2025-08-10 00:00:00,20:00,Risotto,Plato,1,11.0,11.0
2025-08-10 00:00:00,20:30,Tarta de Queso,Postre,1,5.0,5.0
2025-08-10 00:00:00,20:45,Vino Tinto (Copa),Bebida,1,4.0,4.0
2025-08-11 00:00:00,13:00,Ensalada César,Plato,2,7.5,15.0
2025-08-11 00:00:00,13:15,Hamburguesa Chef,Plato,3,12.0,36.0
2025-08-11 00:00:00,13:17,Cerveza Artesanal,Bebida,3,3.5,10.5
2025-08-11 00:00:00,13:45,Agua Mineral,Bebida,1,1.5,1.5
2025-08-11 00:00:00,14:00,Pizza Margarita,Plato,1,8.0,8.0
2025-08-11 00:00:00,14:30,Tiramisu,Postre,1,4.5,4.5
2025-08-11 00:00:00,14:45,Café Espresso,Bebida,2,2.0,4.0
2025-08-11 00:00:00,19:00,Sopa de Tomate,Plato,1,6.0,6.0
2025-08-11 00:00:00,19:30,Pasta Carbonara,Plato,2,10.0,20.0
2025-08-11 00:00:00,20:00,Pizza Pepperoni,Plato,1,9.0,9.0
2025-08-11 00:00:00,20:01,Refresco,Bebida,2,2.5,5.0
2025-08-11 00:00:00,20:30,Risotto,Plato,2,11.0,22.0
2025-08-11 00:00:00,21:00,Tarta de Queso,Postre,1,5.0,5.0
2025-08-11 00:00:00,21:15,Vino Tinto (Copa),Bebida,1,4.0,4.0
2025-08-12 00:00:00,13:00,Sopa de Tomate,Plato,1,6.0,6.0
2025-08-12 00:00:00,13:15,Agua Mineral,Bebida,2,1.5,3.0
2025-08-12 00:00:00,13:30,Risotto,Plato,1,11.0,11.0
2025-08-12 00:00:00,14:00,Risotto,Plato,1,11.0,11.0
2025-08-12 00:00:00,14:15,Ensalada César,Plato,2,7.5,15.0
2025-08-12 00:00:00,14:30,Hamburguesa Chef,Plato,1,12.0,12.0
2025-08-12 00:00:00,14:45,Cerveza Artesanal,Bebida,1,3.5,3.5
2025-08-12 00:00:00,15:00,Tarta de Queso,Postre,1,5.0,5.0
2025-08-12 00:00:00,19:00,Pizza Margarita,Plato,3,8.0,24.0
2025-08-12 00:00:00,19:01,Refresco,Bebida,3,2.5,7.5
2025-08-12 00:00:00,19:30,Pasta Carbonara,Plato,1,10.0,10.0
2025-08-12 00:00:00,20:00,Vino Tinto (Copa),Bebida,1,4.0,4.0
2025-08-12 00:00:00,20:30,Pizza Pepperoni,Plato,2,9.0,18.0
2025-08-12 00:00:00,21:00,Pizza Pepperoni,Plato,2,9.0,18.0
2025-08-12 00:00:00,21:30,Tiramisu,Postre,1,4.5,4.5
2025-08-12 00:00:00,21:45,Café Espresso,Bebida,1,2.0,2.0
2025-08-13 00:00:00,13:00,Pizza Margarita,Plato,2,8.0,16.0
2025-08-13 00:00:00,13:30,Ensalada César,Plato,1,7.5,7.5
2025-08-13 00:00:00,13:31,Agua Mineral,Bebida,1,1.5,1.5
2025-08-13 00:00:00,14:00,Sopa de Tomate,Plato,1,6.0,6.0
2025-08-13 00:00:00,14:15,Tarta de Queso,Postre,2,5.0,10.0
2025-08-13 00:00:00,14:30,Café Espresso,Bebida,2,2.0,4.0
2025-08-13 00:00:00,15:00,Hamburguesa Chef,Plato,1,12.0,12.0
2025-08-13 00:00:00,19:00,Pasta Carbonara,Plato,2,10.0,20.0
2025-08-13 00:00:00,19:30,Risotto,Plato,1,11.0,11.0
2025-08-13 00:00:00,20:00,Pizza Pepperoni,Plato,1,9.0,9.0
2025-08-13 00:00:00,20:15,Pasta Carbonara,Plato,2,10.0,20.0
2025-08-13 00:00:00,20:30,Refresco,Bebida,3,2.5,7.5
2025-0Dos,Bebida,1,3.5,3.5
2025-08-13 00:00:00,21:00,Tiramisu,Postre,1,4.5,4.5
2025-08-13 00:00:00,21:15,Vino Tinto (Copa),Bebida,1,4.0,4.0
2025-08-14 00:00:00,13:00,Sopa de Tomate,Plato,2,6.0,12.0
2025-08-14 00:00:00,13:15,Agua Mineral,Bebida,2,1.5,3.0
2025-08-14 00:00:00,13:30,Ensalada César,Plato,1,7.5,7.5
2025-08-14 00:00:00,14:00,Pizza Margarita,Plato,1,8.0,8.0
2025-08-14 00:00:00,14:30,Risotto,Plato,1,11.0,11.0
2025-08-14 00:00:00,14:45,Tiramisu,Postre,1,4.5,4.5
2025-08-14 00:00:00,15:00,Café Espresso,Bebida,1,2.0,2.0
2025-08-14 00:00:00,19:00,Pizza Pepperoni,Plato,2,9.0,18.0
2025-08-14 00:00:00,19:01,Cerveza Artesanal,Bebida,2,3.5,7.0
2025-08-14 00:00:00,19:30,Hamburguesa Chef,Plato,2,12.0,24.0
2025-08-14 00:00:00,20:00,Tarta de Queso,Postre,1,5.0,5.0
2025-08-14 00:00:00,20:30,Pasta Carbonara,Plato,1,10.0,10.0
2025-08-14 00:00:00,20:45,Refresco,Bebida,1,2.5,2.5
2025-08-14 00:00:00,21:00,Hamburguesa Chef,Plato,2,12.0,24.0
2025-08-14 00:00:00,21:01,Vino Tinto (Copa),Bebida,2,4.0,8.0
2025-08-15 00:00:00,13:00,Tarta de Queso,Postre,3,5.0,15.0
2025-08-15 00:00:00,13:01,Café Espresso,Bebida,3,2.0,6.0
2025-08-15 00:00:00,13:30,Ensalada César,Plato,1,7.5,7.5
2025-08-15 00:00:00,13:45,Agua Mineral,Bebida,2,1.5,3.0
2025-08-15 00:00:00,14:00,Sopa de Tomate,Plato,2,6.0,12.0
2025-08-15 00:00:00,14:30,Pizza Margarita,Plato,1,8.0,8.0
2025-08-15 00:00:00,14:45,Hamburguesa Chef,Plato,1,12.0,12.0
2025-08-15 00:00:00,19:00,Pasta Carbonara,Plato,3,10.0,30.0
2025-08-15 00:00:00,19:01,Vino Tinto (Copa),Bebida,3,4.0,12.0
2025-08-15 00:00:00,19:30,Pizza Pepperoni,Plato,2,9.0,18.0
2025-08-15 00:00:00,19:32,Cerveza Artesanal,Bebida,2,3.5,7.0
2025-08-15 00:00:00,20:00,Risotto,Plato,2,11.0,22.0
2025-08-15 00:00:00,20:30,Risotto,Plato,2,11.0,22.0
2025-08-15 00:00:00,21:00,Tiramisu,Postre,1,4.5,4.5
2025-08-15 00:00:00,21:15,Refresco,Bebida,1,2.5,2.5
2025-08-16 00:00:00,13:00,Hamburguesa Chef,Plato,2,12.0,24.0
2025-08-16 00:00:00,13:01,Cerveza Artesanal,Bebida,2,3.5,7.0
2025-08-16 00:00:00,13:30,Tiramisu,Postre,1,4.5,4.5
2025-08-16 00:00:00,13:45,Café Espresso,Bebida,1,2.0,2.0
2025-08-16 00:00:00,14:00,Ensalada César,Plato,1,7.5,7.5
2025-08-16 00:00:00,14:30,Pizza Pepperoni,Plato,3,9.0,27.0
2025-08-16 00:00:00,14:31,Refresco,Bebida,3,2.5,7.5
2025-08-16 00:00:00,15:00,Agua Mineral,Bebida,1,1.5,1.5
2025-08-16 00:00:00,19:00,Sopa de Tomate,Plato,2,6.0,12.0
2025-08-16 00:00:00,19:30,Pasta Carbonara,Plato,1,10.0,10.0
2025-08-16 00:00:00,20:00,Pizza Margarita,Plato,2,8.0,16.0
2025-08-16 00:00:00,20:30,Risotto,Plato,1,11.0,11.0
2025-08-16 00:00:00,20:45,Vino Tinto (Copa),Bebida,2,4.0,8.0
202s 2025-08-16 00:00:00,21:00,Sopa de Tomate,Plato,2,6.0,12.0
2025-08-16 00:00:00,21:30,Tarta de Queso,Postre,1,5.0,5.0
2025-08-17 00:00:00,13:00,Sopa de Tomate,Plato,1,6.0,6.0
2025-08-17 00:00:00,13:15,Ensalada César,Plato,2,7.5,15.0
2025-08-17 00:00:00,13:16,Agua Mineral,Bebida,2,1.5,3.0
2025-08-17 00:00:00,13:45,Pizza Margarita,Plato,2,8.0,16.0
2025-08-17 00:00:00,14:00,Tarta de Queso,Postre,1,5.0,5.0
2025-08-17 00:00:00,14:15,Café Espresso,Bebida,1,2.0,2.0
2025-08-17 00:00:00,14:30,Hamburguesa Chef,Plato,1,12.0,12.0
2025-08-17 00:00:00,19:00,Pasta Carbonara,Plato,2,10.0,20.0
2025-08-17 00:00:00,19:01,Refresco,Bebida,2,2.5,5.0
2025-08-17 00:00:00,19:30,Risotto,Plato,1,11.0,11.0
2025-08-17 00:00:00,20:00,Pizza Pepperoni,Plato,2,9.0,18.0
2025-08-17 00:00:00,20:01,Cerveza Artesanal,Bebida,2,3.5,7.0
2025-08-17 00:00:00,20:30,Tiramisu,Postre,1,4.5,4.5
2025-08-17 00:00:00,20:45,Tiramisu,Postre,1,4.5,4.5
2025-08-17 00:00:00,21:00,Vino Tinto (Copa),Bebida,1,4.0,4.0
2025-08-18 00:00:00,13:00,Ensalada César,Plato,1,7.5,7.5
2025-08-18 00:00:00,13:15,Agua Mineral,Bebida,1,1.5,1.5
2025-08-18 00:00:00,13:30,Pasta Carbonara,Plato,1,10.0,10.0
2025-08-18 00:00:00,14:00,Pasta Carbonara,Plato,1,10.0,10.0
2025-08-18 00:00:00,14:15,Sopa de Tomate,Plato,1,6.0,6.0
2025-08-18 00:00:00,14:30,Tiramisu,Postre,1,4.5,4.5
2025-08-18 00:00:00,14:45,Café Espresso,Bebida,1,2.0,2.0
2025-08-18 00:00:00,19:00,Hamburguesa Chef,Plato,2,12.0,24.0
2025-08-18 00:00:00,19:01,Cerveza Artesanal,Bebida,2,3.5,7.0
2025-08-18 00:00:00,19:30,Pizza Margarita,Plato,2,8.0,16.0
2025-08-18 00:00:00,20:00,Risotto,Plato,1,11.0,11.0
2025-08-18 00:00:00,20:30,Pizza Pepperoni,Plato,1,9.0,9.0
2025-08-18 00:00:00,20:31,Refresco,Bebida,2,2.5,5.0
2025-08-18 00:00:00,21:00,Pizza Margarita,Plato,2,8.0,16.0
2025-08-18 00:00:00,21:01,Cerveza Artesanal,Bebida,2,3.5,7.0
2025-08-18 00:00:00,21:30,Tarta de Queso,Postre,1,5.0,5.0
2025-08-19 00:00:00,13:00,Sopa de Tomate,Plato,2,6.0,12.0
2025-08-19 00:00:00,13:15,Agua Mineral,Bebida,2,1.5,3.0
2025-08-19 00:00:00,13:30,Hamburguesa Chef,Plato,1,12.0,12.0
2025-08-19 00:00:00,14:00,Ensalada César,Plato,1,7.5,7.5
2025-08-19 00:00:00,14:15,Tarta de Queso,Postre,1,5.0,5.0
2025-08-19 00:00:00,14:30,Café Espresso,Bebida,1,2.0,2.0
2025-08-19 00:00:00,19:00,Pizza Margarita,Plato,3,8.0,24.0
2025-08-19 00:00:00,19:01,Refresco,Bebida,3,2.5,7.5
2025-08-19 00:00:00,19:30,Pasta Carbonara,Plato,1,10.0,10.0
2025-08-19 00:00:00,20:00,Risotto,Plato,2,11.0,22.0
2025-08-19 00:00:00,20:01,Vino Tinto (Copa),Bebida,1,4.0,4.0
2025-08-19 00:00:00,20:30,Risotto,Plato,2,11.0,22.0
2025-08-19 00:00:00,20:31,Vino Tinto (Copa),Bebida,1,4.0,4.0
2025-08-19 00:00:00,21:00,Pizza Pepperoni,Plato,1,9.0,9.0
2025-08-19 00:00:00,21:15,Tiramisu,Postre,1,4.5,4.5
2025-08-20 00:00:00,13:00,Ensalada César,Plato,1,7.5,7.5
2025-08-20 00:00:00,13:15,Agua Mineral,Bebida,1,1.5,1.5
2025-08-20 00:00:00,13:30,Tiramisu,Postre,1,4.5,4.5
2025-08-20 00:00:00,13:45,Café Espresso,Bebida,1,2.0,2.0
2025-08-20 00:00:00,14:00,Pizza Margarita,Plato,1,8.0,8.0
2025-08-20 00:00:00,14:15,Sopa de Tomate,Plato,2,6.0,12.0
2025-08-20 00:00:00,14:30,Hamburguesa Chef,Plato,2,12.0,24.0
2025-08-20 00:00:00,14:31,Cerveza Artesanal,Bebida,2,3.5,7.0
2025-08-20 00:00:00,19:00,Risotto,Plato,1,11.0,11.0
2025-08-20 00:00:00,19:30,Tarta de Queso,Postre,1,5.0,5.0
2025-08-20 00:00:00,20:00,Pasta Carbonara,Plato,1,10.0,10.0
2025-08-20 00:00:00,20:30,Vino Tinto (Copa),Bebida,2,4.0,8.0
2025-08-20 00:00:00,21:00,Pizza Pepperoni,Plato,3,9.0,27.0
2025-08-20 00:00:00,21:01,Refresco,Bebida,3,2.5,7.5
2025-08-20 00:00:00,21:30,Pizza Pepperoni,Plato,3,9.0,27.0
2025-08-20 00:00:00,21:31,Refresco,Bebida,3,2.5,7.5
2025-08-21 00:00:00,13:00,Ensalada César,Plato,1,7.5,7.5
2025-08-21 00:00:00,13:01,Agua Mineral,Bebida,1,1.5,1.5
2025-08-21 00:00:00,13:30,Sopa de Tomate,Plato,2,6.0,12.0
2025-08-21 00:00:00,14:00,Pizza Margarita,Plato,2,8.0,16.0
2025-08-21 00:00:00,14:30,Pasta Carbonara,Plato,1,10.0,10.0
2025-08-21 00:00:00,14:31,Refresco,Bebida,1,2.5,2.5
2025-08-21 00:00:00,15:00,Hamburguesa Chef,Plato,1,12.0,12.0
2025-08-21 00:00:00,19:00,Tarta de Queso,Postre,2,5.0,10.0
2025-08-21 00:00:00,19:01,Café Espresso,Bebida,2,2.0,4.0
2025-08-21 00:00:00,19:30,Pizza Pepperoni,Plato,1,9.0,9.0
2025-08-21 00:00:00,20:00,Tarta de Queso,Postre,2,5.0,10.0
2025-08-21 00:00:00,20:01,Café Espresso,Bebida,2,2.0,4.0
2025-08-21 00:00:00,20:30,Risotto,Plato,1,11.0,11.0
2025-08-21 00:00:00,20:45,Vino Tinto (Copa),Bebida,2,4.0,8.0
2025-08-21 00:00:00,21:00,Cerveza Artesanal,Bebida,1,3.5,3.5
2025-08-21 00:00:00,21:30,Tiramisu,Postre,1,4.5,4.5
2025-08-22 00:00:00,13:00,Sopa de Tomate,Plato,1,6.0,6.0
2025-08-22 00:00:00,13:15,Agua Mineral,Bebida,1,1.5,1.5
2025-08-22 00:00:00,13:30,Ensalada César,Plato,1,7.5,7.5
2025-08-22 00:00:00,14:00,Pizza Margarita,Plato,2,8.0,16.0
2025-08-22 00:00:00,14:30,Hamburguesa Chef,Plato,1,12.0,12.0
2025-08-22 00:00:00,14:45,Cerveza Artesanal,Bebida,2,3.5,7.0
2025-08-22 00:00:00,15:00,Tarta de Queso,Postre,1,5.0,5.0
2025-08-22 00:00:00,19:00,Pizza Pepperoni,Plato,2,9.0,18.0
2025-08-22 00:00:00,19:01,Refresco,Bebida,2,2.5,5.0
2025-08-22 00:00:00,19:30,Risotto,Plato,1,11.0,11.0
2025-08-22 00:00:00,20:00,Tiramisu,Postre,1,4.5,4.5
2025-08-22 00:00:00,20:15,Café Espresso,Bebida,1,2.0,2.0
2025-08-22 00:00:00,20:30,Pasta Carbonara,Plato,1,10.0,10.0
2025-08-22 00:00:00,21:00,Pasta Carbonara,Plato,1,10.0,10.0
2025-08-22 00:00:00,21:15,Vino Tinto (Copa),Bebida,1,4.0,4.0
2025-08-23 00:00:00,13:00,Ensalada César,Plato,2,7.5,15.0
2025-08-23 00:00:00,13:01,Agua Mineral,Bebida,2,1.5,3.0
2025-08-23 00:00:00,13:30,Hamburguesa Chef,Plato,2,12.0,24.0
2025-08-23 00:00:00,13:31,Cerveza Artesanal,Bebida,2,3.5,7.0
2025-08-23 00:00:00,14:00,Sopa de Tomate,Plato,1,6.0,6.0
2025-08-23 00:00:00,14:15,Pizza Margarita,Plato,1,8.0,8.0
2025-08-23 00:00:00,14:30,Tarta de Queso,Postre,2,5.0,10.0
2025-08-23 00:00:00,19:00,Pasta Carbonara,Plato,2,10.0,20.0
2025-08-23 00:00:00,19:01,Vino Tinto (Copa),Bebida,2,4.0,8.0
2025-08-23 00:00:00,19:30,Pizza Pepperoni,Plato,1,9.0,9.0
2025-08-23 00:00:00,20:00,Risotto,Plato,1,11.0,11.0
2025-08-23 00:00:00,20:15,Tiramisu,Postre,1,4.5,4.5
2025-08-23 00:00:00,20:30,Tiramisu,Postre,1,4.5,4.5
2025-08-23 00:00:00,20:45,Café Espresso,Bebida,2,2.0,4.0
2025-08-23 00:00:00,21:00,Refresco,Bebida,1,2.5,2.5
2025-08-24 00:00:00,13:00,Pizza Margarita,Plato,1,8.0,8.0
2025-08-24 00:00:00,13:15,Refresco,Bebida,1,2.5,2.5
2025-08-24 00:00:00,13:30,Tiramisu,Postre,1,4.5,4.5
2025-08-24 00:00:00,13:45,Café Espresso,Bebida,1,2.0,2.0
2025-08-24 00:00:00,14:00,Risotto,Plato,1,11.0,11.0
2025-08-24 00:00:00,14:30,Hamburguesa Chef,Plato,1,12.0,12.0
2025-08-24 00:00:00,14:45,Cerveza Artesanal,Bebida,1,3.5,3.5
2025-08-24 00:00:00,15:00,Tarta de Queso,Postre,1,5.0,5.0
2025-08-24 00:00:00,19:00,Ensalada César,Plato,2,7.5,15.0
2025-08-24 00:00:00,19:01,Agua Mineral,Bebida,2,1.5,3.0
2025-08-24 00:00:00,19:30,Pasta Carbonara,Plato,1,10.0,10.0
2025-08-24 00:00:00,20:00,Sopa de Tomate,Plato,2,6.0,12.0
2025-08-24 00:00:00,20:30,Pizza Pepperoni,Plato,2,9.0,18.0
2025-08-24 00:00:00,21:00,Sopa de Tomate,Plato,2,6.0,12.0
2025-08-24 00:00:00,21:01,Vino Tinto (Copa),Bebida,1,4.0,4.0
2025-08-24 00:00:00,21:30,Vino Tinto (Copa),Bebida,1,4.0,4.0
2025-08-25 00:00:00,13:00,Pizza Pepperoni,Plato,2,9.0,18.0
2025-08-25 00:00:00,13:01,Refresco,Bebida,2,2.5,5.0
2025-08-25 00:00:00,13:30,Sopa de Tomate,Plato,1,6.0,6.0
Res,Plato,1,12.0,12.0
2025-08-25 00:00:00,14:00,Tarta de Queso,Postre,1,5.0,5.0
2025-08-25 00:00:00,14:15,Café Espresso,Bebida,1,2.0,2.0
2025-08-25 00:00:00,14:30,Pizza Margarita,Plato,2,8.0,16.0
2025-08-25 00:00:00,19:00,Ensalada César,Plato,1,7.5,7.5
2025-08-25 00:00:00,19:30,Ensalada César,Plato,1,7.5,7.5
2025-08-25 00:00:00,20:00,Ensalada César,Plato,1,7.5,7.5
2025-08-25 00:00:00,20:15,Risotto,Plato,2,11.0,22.0
2025-08-25 00:00:00,20:30,Pasta Carbonara,Plato,1,10.0,10.0
2025-08-25 00:00:00,20:45,Vino Tinto (Copa),Bebida,2,4.0,8.0
2025-08-25 00:00:00,21:00,Cerveza Artesanal,Bebida,1,3.5,3.5
2025-08-25 00:00:00,21:30,Tiramisu,Postre,1,4.5,4.5
2025-08-26 00:00:00,13:00,Sopa de Tomate,Plato,2,6.0,12.0
2025-08-26 00:00:00,13:15,Agua Mineral,Bebida,2,1.5,3.0
2025-08-26 00:00:00,13:30,Hamburguesa Chef,Plato,1,12.0,12.0
2025-08-26 00:00:00,14:00,Risotto,Plato,1,11.0,11.0
2025-08-26 00:00:00,14:15,Tarta de Queso,Postre,2,5.0,10.0
2025-08-26 00:00:00,14:16,Café Espresso,Bebida,2,2.0,4.0
2025-08-26 00:00:00,14:45,Ensalada César,Plato,1,7.5,7.5
2025-08-26 00:00:00,19:00,Pizza Pepperoni,Plato,2,9.0,18.0
2025-08-26 00:00:00,19:01,Cerveza Artesanal,Bebida,2,3.5,7.0
2025-08-26 00:00:00,19:30,Pasta Carbonara,Plato,1,10.0,10.0
2025-08-26 00:00:00,20:00,Vino Tinto (Copa),Bebida,1,4.0,4.0
2025-08-26 00:00:00,20:30,Tiramisu,Postre,1,4.5,4.5
2025-08-26 00:00:00,21:00,Pizza Margarita,Plato,3,8.0,24.0
2025-08-26 00:00:00,21:01,Refresco,Bebida,2,2.5,5.0
2025-08-26 00:00:00,21:30,Pizza Margarita,Plato,3,8.0,24.0
2025-08-27 00:00:00,13:00,Pasta Carbonara,Plato,2,10.0,20.0
2025-08-27 00:00:00,13:01,Agua Mineral,Bebida,2,1.5,3.0
2025-08-27 00:00:00,13:30,Ensalada César,Plato,1,7.5,7.5
2025-08-27 00:00:00,13:45,Pizza Margarita,Plato,1,8.0,8.0
2025-08-27 00:00:00,14:00,Sopa de Tomate,Plato,1,6.0,6.0
2025-08-27 00:00:00,14:15,Tarta de Queso,Postre,1,5.0,5.0
2025-08-27 00:00:00,14:30,Café Espresso,Bebida,1,2.0,2.0
2025-08-27 00:00:00,19:00,Pizza Pepperoni,Plato,1,9.0,9.0
2025-08-27 00:00:00,19:01,Refresco,Bebida,1,2.5,2.5
2025-08-27 00:00:00,19:30,Risotto,Plato,2,11.0,22.0
2025-08-27 00:00:00,20:00,Hamburguesa Chef,Plato,1,12.0,12.0
2025-08-27 00:00:00,20:01,Cerveza Artesanal,Bebida,2,3.5,7.0
2025-08-27 00:00:00,20:30,Hamburguesa Chef,Plato,1,12.0,12.0
2025-08-27 00:00:00,20:31,Cerveza Artesanal,Bebida,2,3.5,7.0
2025-08-27 00:00:00,21:00,Tiramisu,Postre,1,4.5,4.5
2025-08-27 00:00:00,21:15,Vino Tinto (Copa),Bebida,1,4.0,4.0
2025-08-28 00:00:00,13:00,Pizza Pepperoni,Plato,1,9.0,9.0
2025-08-28 00:00:00,13:15,Refresco,Bebida,1,2.5,2.5
2025-08-28 00:00:00,13:30,Tiramisu,Postre,2,4.5,9.0
2025-08-28 00:00:00,13:45,Café Espresso,Bebida,2,2.0,4.0
2025-08-28 00:00:00,14:00,Risotto,Plato,1,11.0,11.0
2025-08-28 00:00:00,14:01,Vino Tinto (Copa),Bebida,1,4.0,4.0
2025-08-28 00:00:00,14:30,Ensalada César,Plato,1,7.5,7.5
2025-08-28 00:00:00,14:45,Agua Mineral,Bebida,1,1.5,1.5
2025-08-28 00:00:00,19:00,Pasta Carbonara,Plato,1,10.0,10.0
2025-08-28 00:00:00,19:30,Pizza Margarita,Plato,2,8.0,16.0
2025-08-28 00:00:00,20:00,Sopa de Tomate,Plato,2,6.0,12.0
2025-08-28 00:00:00,20:30,Hamburguesa Chef,Plato,1,12.0,12.0
2025-08-28 00:00:00,20:31,Cerveza Artesanal,Bebida,1,3.5,3.5
2025-08-28 00:00:0Dúo,Plato,2,6.0,12.0
2025-08-28 00:00:00,21:30,Tarta de Queso,Postre,1,5.0,5.0
2025-08-29 00:00:00,13:00,Ensalada César,Plato,1,7.5,7.5
2025-08-29 00:00:00,13:30,Pizza Pepperoni,Plato,4,9.0,36.0
2025-08-29 00:00:00,13:31,Refresco,Bebida,4,2.5,10.0
2025-08-29 00:00:00,14:00,Hamburguesa Chef,Plato,2,12.0,24.0
2025-08-29 00:00:00,14:01,Cerveza Artesanal,Bebida,2,3.5,7.0
2025-08-29 00:00:00,14:30,Sopa de Tomate,Plato,1,6.0,6.0
2025-08-29 00:00:00,14:45,Agua Mineral,Bebida,1,1.5,1.5
2025-08-29 00:00:00,15:00,Tarta de Queso,Postre,1,5.0,5.0
Pos,Postre,1,4.5,4.5
2025-08-29 00:00:00,19:30,Pizza Margarita,Plato,2,8.0,16.0
2025-08-29 00:00:00,20:00,Pasta Carbonara,Plato,1,10.0,10.0
2025-08-29 00:00:00,20:15,Ensalada César,Plato,1,7.5,7.5
2025-08-29 00:00:00,20:16,Tiramisu,Postre,1,4.5,4.5
2025-08-29 00:00:00,20:30,Risotto,Plato,1,11.0,11.0
2025-08-29 00:00:00,20:45,Vino Tinto (Copa),Bebida,2,4.0,8.0
2025-08-29 00:00:00,21:00,Café Espresso,Bebida,1,2.0,2.0
2025-08-30 00:00:00,13:00,Sopa de Tomate,Plato,2,6.0,12.0
2025-08-30 00:00:00,13:30,Ensalada César,Plato,1,7.5,7.5
2025-08-30 00:00:00,14:00,Pizza Margarita,Plato,2,8.0,16.0
2025-08-30 00:00:00,14:01,Agua Mineral,Bebida,3,1.5,4.5
2025-08-30 00:00:00,14:30,Risotto,Plato,1,11.0,11.0
2025-08-30 00:00:00,14:45,Tiramisu,Postre,1,4.5,4.5
2025-08-30 00:00:00,15:00,Hamburguesa Chef,Plato,1,12.0,12.0
2025-08-30 00:00:00,19:00,Pizza Pepperoni,Plato,2,9.0,18.0
2025-08-30 00:00:00,19:01,Cerveza Artesanal,Bebida,2,3.5,7.0
2CH,Bebida,2,2.0,4.0
2025-08-30 00:00:00,20:00,Vino Tinto (Copa),Bebida,2,4.0,8.0
2025-08-30 00:00:00,20:30,Pasta Carbonara,Plato,2,10.0,20.0
2025-08-30 00:00:00,20:31,Refresco,Bebida,2,2.5,5.0
2025-08-30 00:00:00,21:00,Tarta de Queso,Postre,2,5.0,10.0
2025-08-30 00:00:00,21:10,Tarta de Queso,Postre,2,5.0,10.0
2025-08-30 00:00:00,21:12,Café Espresso,Bebida,2,2.0,4.0
2025-08-31 00:00:00,13:00,Pizza Margarita,Plato,3,8.0,24.0
2025-08-31 00:00:00,13:01,Refresco,Bebida,3,2.5,7.5
2025-08-31 00:00:00,13:30,Ensalada César,Plato,3,7.5,22.5
2025-08-31 00:00:00,13:35,Agua Mineral,Bebida,2,1.5,3.0
2025-08-31 00:00:00,14:00,Pasta Carbonara,Plato,2,10.0,20.0
2025-08-31 00:00:00,14:05,Vino Tinto (Copa),Bebida,1,4.0,4.0
2025-08-31 00:00:00,14:30,Sopa de Tomate,Plato,1,6.0,6.0
2025-08-31 00:00:00,14:45,Hamburguesa Chef,Plato,2,12.0,24.0
2025-08-31 00:00:00,15:00,Tarta de Queso,Postre,1,5.0,5.0
2025-08-31 00:00:00,15:15,Café Espresso,Bebida,1,2.0,2.0
2025-08-31 00:00:00,19:00,Risotto,Plato,2,11.0,22.0
2025-08-31 00:00:00,19:30,Ensalada César,Plato,1,7.5,7.5
2025-08-31 00:00:00,20:00,Pizza Pepperoni,Plato,2,9.0,18.0
2025-08-31 00:00:00,20:15,Pizza Pepperoni,Plato,2,9.0,18.0
2025-08-31 00:00:00,20:20,Cerveza Artesanal,Bebida,4,3.5,14.0
2025-08-31 00:00:00,21:00,Tiramisu,Postre,2,4.5,9.0
2025-08-31 00:00:00,21:30,Tiramisu,Postre,2,4.5,9.0